<?xml version="1.0" encoding="UTF-8"?>
<SystemSettings>
	<Controller>
		<CleanupInterval>3600000</CleanupInterval>
		<CleanupQueueInputsTimeToLive>0</CleanupQueueInputsTimeToLive>
		<CleanupQueueTimeToLive>0</CleanupQueueTimeToLive>
		<CleanupSchedulerTimeToLive>0</CleanupSchedulerTimeToLive>
		<ControllerEnabled>True</ControllerEnabled>
		<CredentialThreadCount>2</CredentialThreadCount>
		<EmbeddedMongoDBArguments></EmbeddedMongoDBArguments>
		<EmbeddedMongoDBDatabaseName>AlteryxService</EmbeddedMongoDBDatabaseName>
		<EmbeddedMongoDBEnabled>False</EmbeddedMongoDBEnabled>
		<EmbeddedMongoDBLogPath></EmbeddedMongoDBLogPath>
		<EmbeddedMongoDBPasswordEncrypted></EmbeddedMongoDBPasswordEncrypted>
		<EmbeddedMongoDBPort>27018</EmbeddedMongoDBPort>
		<EmbeddedMongoDBReplSetEnabled>False</EmbeddedMongoDBReplSetEnabled>
		<EmbeddedMongoDBReplSetName>ASReplSet</EmbeddedMongoDBReplSetName>
		<EmbeddedMongoDBRootPath></EmbeddedMongoDBRootPath>
		<EmbeddedMongoDBServerName>localhost</EmbeddedMongoDBServerName>
		<EmbeddedMongoDBUserName>user</EmbeddedMongoDBUserName>
		<GalleryEnabled>False</GalleryEnabled>
		<GalleryPingEnabled>True</GalleryPingEnabled>
		<IPV6Enabled>False</IPV6Enabled>
		<LocalClientOverride>False</LocalClientOverride>
		<LoggingEnabled>False</LoggingEnabled>
		<LoggingFileMaxSize>10</LoggingFileMaxSize>
		<LoggingPath></LoggingPath>
		<LoggingRemoteEnabled>False</LoggingRemoteEnabled>
		<LoggingRotationEnabled>True</LoggingRotationEnabled>
		<LoggingSeverityThreshold>6</LoggingSeverityThreshold>
		<MapTileCleanupInterval>3600</MapTileCleanupInterval>
		<MapTileDiskCacheCleanupFrequency>20000</MapTileDiskCacheCleanupFrequency>
		<MapTileDiskCacheMaxCleanupTime>1000</MapTileDiskCacheMaxCleanupTime>
		<MapTileDiskCacheMaxSize>1024</MapTileDiskCacheMaxSize>
		<MapTileDiskCachePath></MapTileDiskCachePath>
		<MapTileMaxReferenceLayerFeaturesPerBlock>10000</MapTileMaxReferenceLayerFeaturesPerBlock>
		<MapTileMemCacheMaxSize>10000</MapTileMemCacheMaxSize>
		<MapTileOverrideNoDiskCache>False</MapTileOverrideNoDiskCache>
		<MapTileProxyDownloadThreadCount>8</MapTileProxyDownloadThreadCount>
		<MapTileReferenceLayersTimeToLive>86400</MapTileReferenceLayersTimeToLive>
		<MapTileSelectionTimeToLive>240</MapTileSelectionTimeToLive>
		<MapTileServiceEnabled>True</MapTileServiceEnabled>
		<MapTileSetInfoCacheMaxSize>100</MapTileSetInfoCacheMaxSize>
		<MapTileSetInfoCachePath></MapTileSetInfoCachePath>
		<MapTileThreadCount>2</MapTileThreadCount>
		<MongoDBDatabaseName></MongoDBDatabaseName>
		<MongoDBEnabled>False</MongoDBEnabled>
		<MongoDBPasswordEncrypted></MongoDBPasswordEncrypted>
		<MongoDBServerName></MongoDBServerName>
		<MongoDBUserName></MongoDBUserName>
		<OutputFileMaxSize>0</OutputFileMaxSize>
		<PersistenceThreadCount>6</PersistenceThreadCount>
		<QueueEnabled>True</QueueEnabled>
		<RemotePersistenceEnabled>True</RemotePersistenceEnabled>
		<SchedulerAutoConnectEnabled>True</SchedulerAutoConnectEnabled>
		<SchedulerEnabled>True</SchedulerEnabled>
		<SchedulerInterval>30000</SchedulerInterval>
		<ServerSecretEncrypted></ServerSecretEncrypted>
		<ServiceEnabled>True</ServiceEnabled>
		<ServicePort>80</ServicePort>
		<ServiceRestartTimeToLive>25000</ServiceRestartTimeToLive>
		<ServiceStartupTimeToLive>60000</ServiceStartupTimeToLive>
		<SQLitePath></SQLitePath>
		<StorageKeysEncrypted></StorageKeysEncrypted>
		<TempFileMaxSize>0</TempFileMaxSize>
		<WebInterfaceCacheMaxSize>2</WebInterfaceCacheMaxSize>
		<WebInterfaceEnabled>False</WebInterfaceEnabled>
		<WebInterfaceResultsCacheMaxSize>16</WebInterfaceResultsCacheMaxSize>
		<WebInterfaceStagingPath></WebInterfaceStagingPath>
		<WebInterfaceThreadCount>1</WebInterfaceThreadCount>
	</Controller>
	<Engine>
		<DefaultTempFilePath></DefaultTempFilePath>
		<LogFilePath></LogFilePath>
		<PackageStagingPath></PackageStagingPath>
		<NumThreads>0</NumThreads>
		<OldSytemSettingsFileConverted>False</OldSytemSettingsFileConverted>
		<QueuePanelRefreshRate>10</QueuePanelRefreshRate>
		<RunAtLowerPriority>False</RunAtLowerPriority>
		<SerialNumber></SerialNumber>
		<SortJoinMemory>0</SortJoinMemory>
		<UserAliasOverride>False</UserAliasOverride>
		<UserLockDown>False</UserLockDown>
		<BrowseEverywhereLimitPerAnchor>1024</BrowseEverywhereLimitPerAnchor>
		<ProxyConfiguration></ProxyConfiguration>
	</Engine>
	<Environment>
		<Configured>False</Configured>
		<SetupType>SchedulerOnly</SetupType>
		<WorkerEnabled>True</WorkerEnabled>
		<WorkingPath></WorkingPath>
	</Environment>
	<Gallery>
		<AccessControlAllowOrigin>*</AccessControlAllowOrigin>
		<ActiveDirectoryCacheTimeout>60</ActiveDirectoryCacheTimeout>
		<AuthenticationType>BuiltIn</AuthenticationType>
		<BaseAddress>http://localhost/gallery/</BaseAddress>
		<DefaultGalleryAdminUserName></DefaultGalleryAdminUserName>
		<DefaultRunMode>Unrestricted</DefaultRunMode>
		<ElasticSearchIndexName>alteryx-gallery</ElasticSearchIndexName>
		<ElasticSearchUrl></ElasticSearchUrl>
		<ForwardedForHeader></ForwardedForHeader>
		<FrameOriginPolicy>SAMEORIGIN</FrameOriginPolicy>
		<LoggingPath></LoggingPath>
		<MongoDBSearchConnection></MongoDBSearchConnection>
		<MongoDBSearchDatabaseName>AlteryxGallery_Lucene</MongoDBSearchDatabaseName>
		<MongoDBSearchOverride>False</MongoDBSearchOverride>
		<MongoDBSearchPasswordEncrypted></MongoDBSearchPasswordEncrypted>
		<MongoDBSearchServerName></MongoDBSearchServerName>
		<MongoDBSearchUserName></MongoDBSearchUserName>
		<MongoDBWebConnection></MongoDBWebConnection>
		<MongoDBWebDatabaseName>AlteryxGallery</MongoDBWebDatabaseName>
		<MongoDBWebOverride>False</MongoDBWebOverride>
		<MongoDBWebPasswordEncrypted></MongoDBWebPasswordEncrypted>
		<MongoDBWebServerName></MongoDBWebServerName>
		<MongoDBWebUserName></MongoDBWebUserName>
		<PasswordLoggingEnabled>False</PasswordLoggingEnabled>
		<SearchProvider>Lucene</SearchProvider>
		<SessionTimeout>60</SessionTimeout>
		<SmtpEmail></SmtpEmail>
		<SmtpEnabled>True</SmtpEnabled>
		<SmtpPasswordEncrypted></SmtpPasswordEncrypted>
		<SmtpPort>25</SmtpPort>
		<SmtpServerName></SmtpServerName>
		<SmtpSslEnabled>False</SmtpSslEnabled>
		<SmtpUserName></SmtpUserName>
		<SslEnabled>False</SslEnabled>
		<WorkingPath></WorkingPath>
	</Gallery>
	<Designer>
		<SaveToGalleryEnabled>True</SaveToGalleryEnabled>
		<ManageGalleriesEnabled>True</ManageGalleriesEnabled>
	</Designer>
	<Service>
		<LocalDataPath></LocalDataPath>
	</Service>
	<Worker>
		<ExecuteDomain></ExecuteDomain>
		<ExecutePasswordEncrypted></ExecutePasswordEncrypted>
		<ExecuteUserName></ExecuteUserName>
		<MongoDBDirectConnectionEnabled>True</MongoDBDirectConnectionEnabled>
		<QualityOfServiceMin>0</QualityOfServiceMin>
		<QueueWorkerEnabled>True</QueueWorkerEnabled>
		<RenderWorkerCount>2</RenderWorkerCount>
		<RenderWorkerEnabled>True</RenderWorkerEnabled>
		<RenderWorkerMaxIdleTime>120</RenderWorkerMaxIdleTime>
		<RenderWorkerMaxJobCount>10</RenderWorkerMaxJobCount>
		<RenderWorkerMaxRenderTime>60</RenderWorkerMaxRenderTime>
		<RunAtLowerPriority>False</RunAtLowerPriority>
		<ServerName>localhost</ServerName>
		<ServerSecretEncrypted></ServerSecretEncrypted>
		<SortJoinMemory>0</SortJoinMemory>
		<StagingPath></StagingPath>
		<ThreadCount>1</ThreadCount>
		<Timeout>0</Timeout>
		<UseLocalServer>True</UseLocalServer>
	</Worker>
</SystemSettings>
